OPIS_Date,OPIS_Unleaded_Price,OPIS_Diesel_Price,OPIS_Dyed_Diesel_Price
5/01/2023,2.5231,2.9800,2.9812
5/02/2023,2.5249,2.9539,2.9549
5/03/2023,2.4224,2.8308,2.8442
5/04/2023,2.3372,2.7962,2.8016
5/05/2023,2.3742,2.8241,2.8252
5/06/2023,2.4084,2.9102,2.9125
5/08/2023,2.4084,2.9102,2.9125
5/09/2023,2.4784,2.9517,2.9512
5/10/2023,2.4804,2.9656,2.9629
5/11/2023,2.4898,3.0464,3.0439
5/12/2023,2.4304,3.0104,3.0057
5/13/2023,2.4255,3.0009,2.9974
5/15/2023,2.4255,3.0009,2.9974
5/16/2023,2.5350,3.0346,3.0271
5/17/2023,2.5288,2.9866,2.9834
5/18/2023,2.6243,3.0284,3.0200
5/19/2023,2.6136,2.9688,2.9760
5/20/2023,2.6314,2.9370,2.9431
5/22/2023,2.6314,2.9370,2.9431
5/23/2023,2.6643,2.9297,2.9362
5/24/2023,2.6960,2.9665,2.9727
5/25/2023,2.7499,2.9736,2.9842
5/26/2023,2.7525,2.9615,2.9688
5/27/2023,2.7684,2.9807,2.9847
5/29/2023,2.7684,2.9807,2.9847
5/30/2023,2.7684,2.9807,2.9847
5/31/2023,2.7068,2.9303,2.9351
6/01/2023,2.7263,2.8999,2.9111
6/02/2023,2.7257,2.9370,2.9436
6/03/2023,2.7703,2.9670,2.9710
6/05/2023,2.7703,2.9670,2.9710
6/06/2023,2.7631,2.9437,2.9484
6/07/2023,2.7833,2.9514,2.9531
6/08/2023,2.8992,2.9822,2.9857
6/09/2023,2.9018,2.9943,2.9963
6/10/2023,2.8779,2.9577,2.9642
6/12/2023,2.8779,2.9577,2.9642
6/13/2023,2.7689,2.9204,2.9266
6/14/2023,2.8282,2.9652,2.9663
6/15/2023,2.7946,2.9356,2.9364
6/16/2023,2.8660,3.0307,3.0225
6/17/2023,2.9467,3.0871,3.0860
6/19/2023,2.9467,3.0871,3.0860
6/20/2023,2.9446,3.0786,3.0740
6/21/2023,2.9447,3.0175,3.0119
6/22/2023,2.9919,3.0661,3.0581
6/23/2023,2.9723,2.9920,2.9924
6/24/2023,2.9870,2.9678,2.9645
6/26/2023,2.9870,2.9678,2.9645
6/27/2023,3.0640,2.9986,2.9976
6/28/2023,3.0281,2.9399,2.9414
6/29/2023,3.0540,2.8992,2.9061
6/30/2023,3.1022,2.8996,2.9036
7/01/2023,3.0890,2.9259,2.9284
7/03/2023,3.0890,2.9259,2.9284
7/04/2023,3.0792,2.9051,2.8993
7/05/2023,3.0792,2.9051,2.8993
7/06/2023,3.1085,2.9840,2.9888
7/07/2023,3.1218,2.9700,2.9738
7/08/2023,3.1839,3.0327,3.0324
7/10/2023,3.1839,3.0327,3.0324
7/11/2023,3.1551,3.0128,3.0080
7/12/2023,3.1856,3.0172,3.0106
7/13/2023,3.1563,3.0463,3.0344
7/14/2023,3.1693,3.0596,3.0480
7/15/2023,3.1523,3.0410,3.0355
7/17/2023,3.0915,3.0410,3.0355
7/18/2023,3.0935,3.0315,3.0227
7/19/2023,3.1456,3.0618,3.0530
7/20/2023,3.1691,3.0888,3.0858
7/21/2023,3.1833,3.0948,3.1023
7/22/2023,3.2179,3.1416,3.1495
7/24/2023,3.2179,3.1416,3.1495
7/25/2023,3.2951,3.1567,3.1640
7/26/2023,3.2394,3.1390,3.1508
7/27/2023,3.3009,3.1833,3.1863
7/28/2023,3.3358,3.2533,3.2468
7/29/2023,3.3644,3.2725,3.2693
7/31/2023,3.3644,3.2725,3.2693
8/01/2023,3.3649,3.2889,3.2802
8/02/2023,3.2453,3.3084,3.2969
8/03/2023,3.1599,3.2867,3.2746
8/04/2023,3.1626,3.3528,3.3416
8/05/2023,3.2082,3.3487,3.3324
8/07/2023,3.2082,3.3487,3.3324
8/08/2023,3.3038,3.3199,3.3026
8/09/2023,3.2665,3.3874,3.3719
8/10/2023,3.2730,3.4894,3.4744
8/11/2023,3.2394,3.4710,3.4617
8/12/2023,3.2607,3.4636,3.4525
8/14/2023,3.2607,3.4636,3.4525
8/15/2023,3.1717,3.4317,3.4234
8/16/2023,3.0789,3.3871,3.3840
8/17/2023,3.0807,3.3904,3.3865
8/18/2023,3.0465,3.4412,3.4351
8/19/2023,3.0361,3.4945,3.4926
8/21/2023,3.0361,3.4945,3.4926
8/22/2023,2.9976,3.4673,3.4693
8/23/2023,2.9986,3.4934,3.4947
8/24/2023,2.9713,3.4856,3.4903
8/25/2023,3.0076,3.5044,3.5070
8/26/2023,3.0971,3.6116,3.6105
8/28/2023,3.0971,3.6116,3.6105
8/29/2023,3.0191,3.5215,3.5199
8/30/2023,3.0309,3.5403,3.5357
8/31/2023,3.0556,3.4420,3.4385
9/01/2023,3.0602,3.4824,3.4786
9/02/2023,3.0843,3.4623,3.4604
9/04/2023,3.0586,3.4623,3.4604
9/05/2023,3.0500,3.4623,3.4604
9/06/2023,3.0049,3.5301,3.5273
9/07/2023,3.3607,3.4875,3.4817
9/08/2023,3.5377,3.4978,3.4931
9/09/2023,3.3000,3.5891,3.5904
9/11/2023,3.3000,3.5891,3.5904
9/12/2023,3.3155,3.6601,3.6689
9/13/2023,3.2743,3.6235,3.6317
9/14/2023,3.1896,3.7118,3.7167
9/15/2023,3.1728,3.7372,3.7353
9/16/2023,3.1033,3.6730,3.6714
9/18/2023,3.1033,3.6730,3.6714
9/19/2023,3.0062,3.6123,3.6104
9/20/2023,2.9078,3.6802,3.6774
9/21/2023,2.8752,3.6306,3.6180
9/22/2023,2.8636,3.6485,3.6313
9/23/2023,2.8401,3.6048,3.5905
9/25/2023,2.8401,3.6048,3.5905
9/26/2023,2.8125,3.5391,3.5270
9/27/2023,2.8315,3.4999,3.4882
9/28/2023,2.8534,3.5554,3.5415
9/29/2023,2.7954,3.5835,3.5768
9/30/2023,2.7470,3.6290,3.6357
10/02/2023,2.7470,3.6290,3.6357
10/03/2023,2.7654,3.5763,3.5847
10/04/2023,2.7206,3.5459,3.5447
10/05/2023,2.5779,3.3976,3.3998
10/06/2023,2.5954,3.2626,3.2522
10/07/2023,2.5889,3.2685,3.2587
10/09/2023,2.5889,3.2685,3.2587
10/10/2023,2.5995,3.2944,3.2756
10/11/2023,2.5811,3.3263,3.3029
10/12/2023,2.5266,3.3050,3.2948
10/13/2023,2.4788,3.3566,3.3471
10/14/2023,2.6009,3.6417,3.6210
10/16/2023,2.6009,3.6417,3.6210
10/17/2023,2.5907,3.5490,3.5531
10/18/2023,2.6044,3.7311,3.7250
10/19/2023,2.7038,4.0692,4.0666
10/20/2023,2.7142,4.3942,4.4091
10/21/2023,2.6108,4.3347,4.3218
10/23/2023,2.6108,4.3347,4.3218
10/24/2023,2.5162,3.6317,3.6479
10/25/2023,2.3592,3.4839,3.4331
10/26/2023,2.3005,3.3578,3.3308
10/27/2023,2.2325,3.3326,3.3037
10/28/2023,2.2573,3.3278,3.3002
10/30/2023,2.2573,3.3278,3.3002
10/31/2023,2.1671,3.1771,3.1929
11/01/2023,2.1727,3.1179,3.1278
11/02/2023,2.1413,3.1060,3.1144
11/03/2023,2.1879,3.1281,3.1300
11/04/2023,2.2344,3.0520,3.0689
11/06/2023,2.2344,3.0520,3.0689
11/07/2023,2.2971,3.0939,3.1050
11/08/2023,2.2458,3.0187,3.0309
11/09/2023,2.2207,2.9432,2.9589
11/10/2023,2.2351,2.9334,2.9386
11/11/2023,2.2405,2.9175,2.9191
11/13/2023,2.2405,2.9175,2.9191
11/14/2023,2.2728,2.9715,2.9632
11/15/2023,2.2149,2.9479,2.9347
11/16/2023,2.2056,3.0035,2.9881
11/17/2023,2.1354,2.9460,2.9394
11/18/2023,2.1838,2.9597,2.9550
11/20/2023,2.1838,2.9597,2.9550
11/21/2023,2.1666,2.8988,2.9055
11/22/2023,2.1651,2.9134,2.9112
11/23/2023,2.1327,2.9070,2.9046
11/24/2023,2.1327,2.9070,2.9046
11/25/2023,2.1327,2.9070,2.9046
11/27/2023,2.1327,2.9070,2.9046
11/28/2023,2.0693,2.8263,2.8287
11/29/2023,2.1081,2.8736,2.8739
11/30/2023,2.1451,2.8615,2.8610
12/01/2023,2.0860,2.7919,2.7898
12/02/2023,2.0383,2.7270,2.7248
12/04/2023,2.0383,2.7270,2.7248
12/05/2023,2.0438,2.7158,2.7168
12/06/2023,1.9858,2.6373,2.6331
12/07/2023,1.9125,2.5589,2.5543
12/08/2023,1.8660,2.5356,2.5244
12/09/2023,1.9017,2.5585,2.5537
12/11/2023,1.9017,2.5585,2.5537
12/12/2023,1.8604,2.5676,2.5449
12/13/2023,1.8039,2.4981,2.4832
12/14/2023,1.8382,2.5336,2.5201
12/15/2023,1.9040,2.5900,2.5697
12/16/2023,1.9318,2.6318,2.6075
12/18/2023,1.9318,2.6318,2.6075
12/19/2023,1.9552,2.6520,2.6253
12/20/2023,1.9552,2.6520,2.6253
12/21/2023,1.9697,2.6427,2.6507
12/22/2023,1.9671,2.6338,2.6386
12/23/2023,1.9527,2.6189,2.6269
12/25/2023,1.9527,2.6189,2.6269
12/26/2023,1.9527,2.6189,2.6269
12/27/2023,1.9753,2.6044,2.6112
12/28/2023,1.9382,2.5349,2.5437
12/29/2023,1.8562,2.4793,2.4812
12/30/2023,1.8749,2.4698,2.4702
1/01/2024,1.8749,2.4698,2.4702
1/03/2024,1.9042,2.5023,2.5019
1/04/2024,1.9421,2.5267,2.5220
1/05/2024,1.9129,2.5088,2.5030
1/06/2024,1.8897,2.5386,2.5295
1/08/2024,1.8897,2.5386,2.5295
1/09/2024,1.7940,2.4803,2.4692
1/10/2024,1.8385,2.5386,2.5212
1/11/2024,1.8074,2.4980,2.4841
1/12/2024,1.8357,2.5267,2.5182
1/13/2024,1.8367,2.4945,2.4852
1/15/2024,1.8367,2.4945,2.4852
1/16/2024,1.8367,2.4945,2.4852
1/17/2024,1.8440,2.4435,2.4372
1/18/2024,1.8286,2.4012,2.4017
1/19/2024,1.8292,2.4369,2.4355
1/20/2024,1.8034,2.4131,2.4129
1/22/2024,1.8034,2.4131,2.4129
1/23/2024,1.9168,2.4048,2.4090
1/24/2024,1.9345,2.3707,2.3725
1/25/2024,1.9446,2.3177,2.3178
1/26/2024,1.9829,2.3682,2.3614
1/27/2024,2.0492,2.4387,2.4374
1/29/2024,2.0492,2.4387,2.4374
1/30/2024,2.0555,2.4465,2.4460
1/31/2024,2.0935,2.4394,2.4394
2/01/2024,2.0191,2.4319,2.4310
2/02/2024,1.9227,2.4332,2.4343
2/03/2024,1.8770,2.4568,2.4564
2/05/2024,1.8770,2.4568,2.4564
2/06/2024,1.9615,2.4771,2.4692
2/07/2024,1.9900,2.5299,2.5129
2/08/2024,2.0639,2.6752,2.6616
2/09/2024,2.1887,2.8568,2.8380
2/10/2024,2.1696,2.9273,2.9155
2/12/2024,2.1696,2.9273,2.9155
2/13/2024,2.2301,2.8909,2.8758
2/14/2024,2.2669,2.8769,2.8566
2/15/2024,2.1995,2.8310,2.8175
2/16/2024,2.1972,2.8518,2.8389
2/17/2024,2.2043,2.8562,2.8437
2/19/2024,2.2043,2.8562,2.8437
2/20/2024,2.2032,2.8559,2.8433
2/21/2024,2.1572,2.7664,2.7570
2/22/2024,2.1731,2.7288,2.7174
2/23/2024,2.2553,2.7456,2.7335
2/24/2024,2.2131,2.6617,2.6493
2/26/2024,2.2131,2.6617,2.6493
2/27/2024,2.2524,2.7144,2.7011
2/28/2024,2.3045,2.6872,2.6739
2/29/2024,2.2477,2.6744,2.6653
3/01/2024,2.3145,2.7363,2.7132
3/02/2024,2.4135,2.8418,2.8202
3/04/2024,2.4135,2.8418,2.8202
3/05/2024,2.3726,2.7875,2.7648
3/06/2024,2.3055,2.7721,2.7505
3/07/2024,2.3128,2.8456,2.8262
3/08/2024,2.2863,2.8705,2.8537
3/09/2024,2.2725,2.8267,2.8091
3/11/2024,2.2725,2.8267,2.8091
3/12/2024,2.3503,2.8426,2.8242
3/13/2024,2.3541,2.7856,2.7834
3/14/2024,2.4194,2.8295,2.8345
3/15/2024,2.4660,2.8456,2.8498
3/16/2024,2.4823,2.8635,2.8673
3/18/2024,2.4823,2.8635,2.8673
3/19/2024,2.4786,2.9048,2.9068
3/20/2024,2.4727,2.8546,2.8511
3/21/2024,2.4426,2.8011,2.7980
3/22/2024,2.4232,2.7742,2.7687
3/23/2024,2.4181,2.7586,2.7530
3/25/2024,2.4181,2.7586,2.7530
3/26/2024,2.4153,2.7640,2.7523
3/27/2024,2.3723,2.6842,2.6706
3/28/2024,2.3440,2.6760,2.6591
3/29/2024,2.3659,2.6395,2.6486
3/30/2024,2.3659,2.6055,2.6061
4/01/2024,2.3659,2.6055,2.6061
4/02/2024,2.3492,2.6070,2.6077
4/03/2024,2.3758,2.6514,2.6465
4/04/2024,2.3730,2.6504,2.6422
4/05/2024,2.4047,2.6615,2.6511
4/06/2024,2.4022,2.6835,2.6714
4/08/2024,2.4022,2.6835,2.6714
4/09/2024,2.3706,2.6387,2.6262
4/10/2024,2.3759,2.5803,2.5857
4/11/2024,2.3813,2.6030,2.6009
4/12/2024,2.3766,2.5775,2.5768
4/13/2024,2.3818,2.5935,2.5880
4/15/2024,2.3818,2.5935,2.5880
4/16/2024,2.3473,2.5642,2.5588
4/17/2024,2.3769,2.5706,2.5670
4/18/2024,2.3134,2.5101,2.5089
4/19/2024,2.3121,2.4998,2.4925
4/20/2024,2.3343,2.5066,2.5012
4/22/2024,2.3343,2.5066,2.5012
4/23/2024,2.3173,2.5111,2.5056
4/24/2024,2.3618,2.5052,2.4995
4/25/2024,2.3889,2.4904,2.4868
4/26/2024,2.4363,2.5005,2.4984
4/27/2024,2.4736,2.5062,2.5058
4/29/2024,2.4736,2.5062,2.5058
4/30/2024,2.4937,2.5191,2.5207
5/01/2024,2.4946,2.5474,2.5367
5/02/2024,2.4524,2.5215,2.5185
5/03/2024,2.5033,2.5211,2.5136
5/04/2024,2.5239,2.5360,2.5335
5/06/2024,2.5239,2.5360,2.5335
5/07/2024,2.5802,2.5578,2.5587
5/08/2024,2.5515,2.5545,2.5572
5/09/2024,2.5642,2.5570,2.5586
5/10/2024,2.5791,2.5480,2.5474
5/11/2024,2.5593,2.5158,2.5165
5/13/2024,2.5593,2.5158,2.5165
5/14/2024,2.5932,2.4911,2.4931
5/15/2024,2.5461,2.4461,2.4497
5/16/2024,2.5671,2.4531,2.4571
5/17/2024,2.5789,2.4725,2.4763
5/18/2024,2.6062,2.5041,2.5066
5/20/2024,2.6062,2.5041,2.5066
5/21/2024,2.5572,2.4977,2.4995
5/22/2024,2.5229,2.4824,2.4837
5/23/2024,2.4982,2.4730,2.4765
5/24/2024,2.4951,2.4761,2.4797
5/25/2024,2.4771,2.4804,2.4839
5/27/2024,2.4771,2.4804,2.4839
5/28/2024,2.4771,2.4761,2.4789
5/29/2024,2.4987,2.5207,2.5230
5/30/2024,2.4705,2.4905,2.4932
5/31/2024,2.4236,2.4431,2.4466
6/01/2024,2.4723,2.4718,2.4790
6/03/2024,2.4723,2.4718,2.4790
6/04/2024,2.3953,2.3954,2.4063
6/05/2024,2.4240,2.3684,2.3798
6/06/2024,2.4353,2.3729,2.3823
6/07/2024,2.4541,2.3978,2.4026
6/08/2024,2.4255,2.3764,2.3824
6/10/2024,2.4255,2.3764,2.3824
6/11/2024,2.4497,2.4138,2.4153
6/12/2024,2.4589,2.4165,2.4171
6/13/2024,2.4525,2.4309,2.4298
6/14/2024,2.4702,2.4740,2.4686
6/15/2024,2.4597,2.5140,2.5085
6/17/2024,2.4597,2.5140,2.5085
6/18/2024,2.4836,2.5090,2.5021
6/19/2024,2.5006,2.5077,2.5001
6/20/2024,2.4913,2.5077,2.5001
6/21/2024,2.4944,2.5181,2.5090
6/22/2024,2.4911,2.5034,2.5024
6/24/2024,2.4911,2.5034,2.5024
6/25/2024,2.4828,2.5211,2.5181
6/26/2024,2.4802,2.5088,2.5118
6/27/2024,2.4939,2.5276,2.5295
6/28/2024,2.4910,2.5486,2.5536
6/29/2024,2.4554,2.5281,2.5320
7/01/2024,2.4554,2.5281,2.5320
7/02/2024,2.5201,2.6216,2.6267
7/03/2024,2.5212,2.6355,2.6419
7/04/2024,2.5452,2.6111,2.6176
7/05/2024,2.5452,2.6111,2.6176
7/06/2024,2.5330,2.6020,2.6066
7/08/2024,2.5330,2.6020,2.6066
7/09/2024,2.4947,2.5336,2.5406
7/10/2024,2.4737,2.4995,2.5052
7/11/2024,2.4641,2.4794,2.4890
7/12/2024,2.4793,2.4838,2.4924
7/13/2024,2.4925,2.4861,2.4961
7/15/2024,2.4925,2.4861,2.4961
7/16/2024,2.4663,2.4788,2.4888
7/17/2024,2.4686,2.4576,2.4685
7/18/2024,2.5327,2.5104,2.5223
7/19/2024,2.5652,2.5046,2.5176
7/20/2024,2.5348,2.4738,2.4888
7/22/2024,2.5348,2.4738,2.4888
7/23/2024,2.5833,2.4898,2.5050
7/24/2024,2.5703,2.4866,2.5022
7/25/2024,2.6497,2.5345,2.5312
7/26/2024,2.6927,2.5451,2.5419
7/27/2024,2.6860,2.4951,2.4930
7/29/2024,2.6860,2.4951,2.4930
7/30/2024,2.6574,2.4526,2.4524
7/31/2024,2.6385,2.4129,2.4118
8/01/2024,2.7028,2.4799,2.4767
8/02/2024,2.6594,2.4602,2.4566
8/03/2024,2.6201,2.4051,2.4024
8/05/2024,2.6201,2.4051,2.4024
8/06/2024,2.6566,2.4144,2.4124
8/07/2024,2.6946,2.4223,2.4207
8/08/2024,2.7943,2.4735,2.4717
8/09/2024,2.8317,2.4857,2.4834
8/10/2024,2.7942,2.4748,2.4740
8/12/2024,2.7942,2.4748,2.4740
8/13/2024,2.7755,2.5378,2.5383
8/14/2024,2.7170,2.5223,2.5228
8/15/2024,2.6930,2.5277,2.5282
8/16/2024,2.7082,2.5327,2.5346
8/17/2024,2.6744,2.5079,2.5122
8/19/2024,2.6744,2.5079,2.5122
8/20/2024,2.6429,2.4569,2.4639
8/21/2024,2.6368,2.4905,2.4942
8/22/2024,2.6025,2.4838,2.4887
8/23/2024,2.6481,2.5029,2.5096
8/24/2024,2.6841,2.5559,2.5653
8/26/2024,2.6841,2.5559,2.5653
8/27/2024,2.6863,2.5991,2.6081
8/28/2024,2.6681,2.5673,2.5714
8/29/2024,2.6394,2.5319,2.5384
8/30/2024,2.6848,2.5942,2.5987
8/31/2024,2.6719,2.5898,2.5954
9/02/2024,2.6719,2.5898,2.5954
9/03/2024,2.6719,2.5898,2.5954
9/04/2024,2.5799,2.5385,2.5478
9/05/2024,2.5962,2.5052,2.5174
9/06/2024,2.6328,2.5197,2.5333
9/07/2024,2.6283,2.4812,2.4970
9/09/2024,2.6283,2.4812,2.4970
9/10/2024,2.6683,2.5033,2.5191
9/11/2024,2.7069,2.4482,2.4690
9/12/2024,2.6603,2.5024,2.5070
9/13/2024,2.6760,2.5322,2.5368
9/14/2024,2.6904,2.5111,2.5175
9/16/2024,2.6904,2.5111,2.5175
9/17/2024,2.6970,2.5298,2.5359
9/18/2024,2.7355,2.5719,2.5784
9/19/2024,2.7843,2.5800,2.5867
9/20/2024,2.8572,2.6061,2.6039
9/21/2024,2.7810,2.5951,2.5938
9/23/2024,2.7810,2.5951,2.5938
9/24/2024,2.7190,2.5846,2.5836
9/25/2024,2.6577,2.6095,2.6085
9/26/2024,2.5834,2.5908,2.5896
9/27/2024,2.5230,2.5756,2.5743
9/28/2024,2.4548,2.5731,2.5729
9/30/2024,2.4548,2.5731,2.5729
10/01/2024,2.4274,2.5864,2.5853
10/02/2024,2.4379,2.5979,2.5976
10/03/2024,2.4534,2.6059,2.6060
10/04/2024,2.5045,2.7111,2.7109
10/05/2024,2.4910,2.7349,2.7361
10/07/2024,2.4910,2.7349,2.7361
10/08/2024,2.5360,2.8092,2.8116
10/09/2024,2.4486,2.7349,2.7394
10/10/2024,2.4632,2.7182,2.7236
10/11/2024,2.5349,2.7841,2.7868
10/12/2024,2.5322,2.7796,2.7837
10/14/2024,2.5322,2.7796,2.7837
10/15/2024,2.4964,2.7308,2.7358
10/16/2024,2.4279,2.6563,2.6639
10/17/2024,2.4271,2.6339,2.6420
10/18/2024,2.4413,2.6479,2.6557
10/19/2024,2.4032,2.6006,2.6107
10/21/2024,2.4032,2.6006,2.6107
10/22/2024,2.4135,2.6035,2.6136
10/23/2024,2.4393,2.6374,2.6465
10/24/2024,2.3912,2.6106,2.6199
10/25/2024,2.3800,2.5966,2.6065
10/26/2024,2.4198,2.6392,2.6508
10/28/2024,2.4198,2.6392,2.6508
10/29/2024,2.3388,2.5401,2.5552
10/30/2024,2.3191,2.5559,2.5636
10/31/2024,2.3345,2.5983,2.6047
11/01/2024,2.3279,2.6265,2.6327
11/02/2024,2.3134,2.6274,2.6304
11/04/2024,2.3134,2.6274,2.6304
11/05/2024,2.3492,2.6559,2.6578
11/06/2024,2.3297,2.6690,2.6689
11/07/2024,2.3185,2.6515,2.6519
11/08/2024,2.3140,2.6603,2.6609
11/09/2024,2.2628,2.6099,2.6112
11/10/2024,2.3140,2.6603,2.6609
11/12/2024,2.2023,2.5538,2.5549
11/13/2024,2.1630,2.5418,2.5413
11/14/2024,2.1536,2.5335,2.5396
11/15/2024,2.1474,2.5162,2.5190
11/16/2024,2.0969,2.4594,2.4577
11/18/2024,2.0969,2.4594,2.4577
11/19/2024,2.1234,2.5020,2.4949
11/20/2024,2.1242,2.4772,2.4681
11/21/2024,2.0956,2.4315,2.4335
11/22/2024,2.0855,2.4544,2.4660
11/23/2024,2.0839,2.4433,2.4556
11/25/2024,2.0839,2.4433,2.4556
11/26/2024,2.0543,2.4097,2.4210
11/27/2024,2.0499,2.4030,2.4123
11/28/2024,2.0332,2.3716,2.3778
11/29/2024,2.0332,2.3716,2.3778
11/30/2024,2.0332,2.3680,2.3736
12/02/2024,2.0332,2.3680,2.3736
12/03/2024,2.0059,2.3157,2.3250
12/04/2024,2.0410,2.2904,2.2926
12/05/2024,2.0213,2.2362,2.2370
12/06/2024,1.9992,2.2135,2.2139
12/07/2024,1.9762,2.1878,2.1875
12/09/2024,1.9762,2.1878,2.1875
12/10/2024,2.0174,2.2204,2.2181
12/11/2024,2.0279,2.2157,2.2122
12/12/2024,2.0767,2.2452,2.2399
12/13/2024,2.0853,2.2516,2.2462
12/14/2024,2.1035,2.2886,2.2822
12/16/2024,2.1035,2.2886,2.2822
12/17/2024,2.0874,2.2805,2.2744
12/18/2024,2.0810,2.2532,2.2471
12/19/2024,2.0583,2.2736,2.2713
12/20/2024,2.0430,2.2778,2.2750
12/21/2024,2.0584,2.2728,2.2718
12/23/2024,2.0584,2.2728,2.2718
12/24/2024,2.0706,2.2815,2.2815
12/25/2024,2.0875,2.2688,2.2686
12/26/2024,2.0875,2.2688,2.2686
12/27/2024,2.0657,2.2600,2.2591
12/28/2024,2.0850,2.2797,2.2796
12/30/2024,2.0850,2.2797,2.2796
12/31/2024,2.1034,2.3045,2.3035
1/01/2025,2.1273,2.3237,2.3225
1/02/2025,2.1273,2.3237,2.3225
1/03/2025,2.1531,2.3585,2.3565
1/04/2025,2.1589,2.3528,2.3504
1/06/2025,2.1589,2.3528,2.3504
1/07/2025,2.1332,2.3337,2.3319
1/08/2025,2.1283,2.3163,2.3162
1/09/2025,2.1092,2.2577,2.2591
1/10/2025,2.1367,2.2918,2.2942
1/11/2025,2.1788,2.3934,2.3949
1/13/2025,2.1788,2.3934,2.3949
1/14/2025,2.1938,2.3800,2.3805
1/14/2025,2.1938,2.3800,2.3805
1/14/2025,2.1938,2.3800,2.3805
1/15/2025,2.1967,2.3092,2.3108
1/16/2025,2.2360,2.4440,2.4422
1/17/2025,2.2115,2.4862,2.4857
1/18/2025,2.2337,2.5433,2.5436
1/20/2025,2.2337,2.5433,2.5436
1/21/2025,2.2316,2.5464,2.5472
1/22/2025,2.2093,2.5035,2.5038
1/23/2025,2.2019,2.4699,2.4713
1/24/2025,2.2160,2.4652,2.4662
1/25/2025,2.2322,2.4830,2.4811
1/27/2025,2.2322,2.4830,2.4811
1/28/2025,2.2393,2.4382,2.4355
1/29/2025,2.2557,2.3923,2.3894
1/30/2025,2.2274,2.4075,2.4035
1/31/2025,2.2289,2.4238,2.4183
2/01/2025,2.2335,2.4339,2.4305
2/03/2025,2.2335,2.4339,2.4305
2/04/2025,2.2976,2.4874,2.4808
2/05/2025,2.2935,2.4520,2.4462
2/06/2025,2.2656,2.3865,2.3890
2/07/2025,2.2986,2.3557,2.3584
2/10/2025,2.2922,2.3733,2.3739
2/11/2025,2.2974,2.3700,2.3714
2/12/2025,2.3542,2.4213,2.4260
2/13/2025,2.3062,2.3800,2.3847
2/14/2025,2.3323,2.4304,2.4285
2/15/2025,2.3081,2.4443,2.4427
2/17/2025,2.3081,2.4443,2.4427
2/18/2025,2.3052,2.4452,2.4437
2/19/2025,2.2879,2.4017,2.3996
2/20/2025,2.2854,2.3411,2.3435
2/21/2025,2.2865,2.3120,2.3124
2/22/2025,2.2377,2.3115,2.3085
2/24/2025,2.2377,2.3115,2.3085
2/25/2025,2.2519,2.3748,2.3736
2/26/2025,2.2499,2.3730,2.3740
2/27/2025,2.2460,2.3545,2.3591
2/28/2025,2.2850,2.4117,2.4137
3/01/2025,2.2465,2.3942,2.3967
3/03/2025,2.2465,2.3942,2.3967
3/04/2025,2.2710,2.3333,2.3382
3/05/2025,2.2782,2.3674,2.3734
3/06/2025,2.2181,2.3410,2.3484
3/07/2025,2.1669,2.3468,2.3530
3/08/2025,2.1616,2.3543,2.3605
3/10/2025,2.1616,2.3543,2.3605
3/11/2025,2.1595,2.3342,2.3410
3/12/2025,2.1754,2.3531,2.3608
3/13/2025,2.2155,2.3754,2.3830
3/14/2025,2.1916,2.3593,2.3614
3/15/2025,2.2047,2.3657,2.3683
3/17/2025,2.2047,2.3657,2.3683
3/18/2025,2.2488,2.3963,2.3986
3/19/2025,2.2374,2.3894,2.3919
3/20/2025,2.2493,2.4331,2.4366
3/21/2025,2.2756,2.4665,2.4717
3/22/2025,2.3084,2.4762,2.4837
3/24/2025,2.3084,2.4762,2.4837
3/25/2025,2.3335,2.5074,2.5167
3/26/2025,2.3222,2.5362,2.5460
3/27/2025,2.3676,2.5638,2.5599
3/28/2025,2.3887,2.5817,2.5794
3/29/2025,2.4084,2.5617,2.5606
3/31/2025,2.4084,2.5617,2.5606
4/01/2025,2.4636,2.6330,2.6322
4/02/2025,2.4847,2.6413,2.6394
4/03/2025,2.5210,2.6884,2.6931
4/04/2025,2.4042,2.5909,2.5923
4/05/2025,2.3436,2.5202,2.5239
4/07/2025,2.3436,2.5202,2.5239
4/08/2025,2.3377,2.5146,2.5199
4/09/2025,2.3169,2.4778,2.4832
4/10/2025,2.3569,2.5362,2.5409
4/11/2025,2.2899,2.5000,2.4999
4/12/2025,2.3354,2.5210,2.5213
4/14/2025,2.3354,2.5210,2.5213
4/15/2025,2.3543,2.5472,2.5473
4/16/2025,2.3577,2.5314,2.5315
4/17/2025,2.3721,2.5588,2.5583
4/18/2025,2.4207,2.5935,2.5933
4/19/2025,2.42.07,2.5935,2.5933
4/21/2025,2.4207,2.5935,2.5933
4/22/2025,2.3901,2.5642,2.5650
4/23/2025,2.4175,2.5812,2.5802
4/24/2025,2.4025,2.5585,2.5571
4/25/2025,2.4385,2.5666,2.5714
4/26/2025,2.4535,2.5817,2.5881
4/28/2025,2.4535,2.5817,2.5881
4/29/2025,2.4417,2.5699,2.5757
4/30/2025,2.3976,2.5060,2.5115
5/01/2025,2.3574,2.4520,2.4579
5/02/2025,2.3597,2.4609,2.4659
5/03/2025,2.3248,2.4469,2.4516
5/05/2025,2.3248,2.4469,2.4516
5/06/2025,2.3265,2.4275,2.4326
5/07/2025,2.3698,2.4411,2.4457
5/08/2025,2.3359,2.3985,2.4075
5/09/2025,2.3924,2.4610,2.4691
5/10/2025,2.4108,2.4845,2.4929
5/12/2025,2.4108,2.4845,2.4929
5/13/2025,2.4464,2.5150,2.5218
5/14/2025,2.4744,2.5602,2.5669
5/15/2025,2.4622,2.6001,2.6010
5/16/2025,2.4220,2.5589,2.5601
5/17/2025,2.4381,2.5386,2.5405
5/19/2025,2.4381,2.5386,2.5405
5/20/2025,2.4506,2.5293,2.5310
5/21/2025,2.4834,2.5201,2.5220
5/22/2025,2.4600,2.5189,2.5208
5/23/2025,2.4338,2.4932,2.4951
5/24/2025,2.4082,2.4716,2.4722
5/26/2025,2.4082,2.4716,2.4722
5/27/2025,2.4082,2.4716,2.4722
5/28/2025,2.3718,2.4320,2.4330
5/29/2025,2.3748,2.4295,2.4298
5/30/2025,2.3372,2.3912,2.3916
5/31/2025,2.3143,2.3623,2.3626
6/02/2025,2.3143,2.3623,2.3626
6/03/2025,2.3425,2.3905,2.3907
6/04/2025,2.3598,2.4363,2.4362
6/05/2025,2.3085,2.4037,2.4033
6/06/2025,2.3184,2.4195,2.4180
6/07/2025,2.3184,2.4195,2.4180
6/09/2025,2.3234,2.4473,2.4456
6/10/2025,2.3056,2.4603,2.4585
6/11/2025,2.2907,2.4588,2.4564
6/12/2025,2.3494,2.5158,2.5131
6/13/2025,2.3171,2.5006,2.4960
6/14/2025,2.3666,2.6482,2.6416
6/16/2025,2.3666,2.6482,2.6416
6/17/2025,2.3469,2.6510,2.6557
6/18/2025,2.3740,2.7190,2.7260
6/19/2025,2.3968,2.7315,2.7357
6/20/2025,2.3733,2.7462,2.7529
6/21/2025,2.3702,2.7104,2.7118
6/23/2025,2.3702,2.7104,2.7118
6/24/2025,2.2486,2.5401,2.5409
6/25/2025,2.1142,2.4475,2.4472
6/26/2025,2.0908,2.4254,2.4374
6/27/2025,2.0810,2.4404,2.4583
6/28/2025,2.0586,2.3900,2.4066
6/30/2025,2.0586,2.3900,2.4066
7/01/2025,2.0495,2.4022,2.4198
7/02/2025,2.0634,2.4333,2.4545
7/03/2025,2.0635,2.4850,2.5033
7/04/2025,2.0617,2.4613,2.4795
7/05/2025,2.0617,2.4613,2.4795
7/07/2025,2.0617,2.4613,2.4795
7/08/2025,2.1123,2.5044,2.5223
7/09/2025,2.1504,2.5242,2.5418
7/10/2025,2.1407,2.5180,2.5220
7/11/2025,2.1041,2.5007,2.5006
7/12/2025,2.1340,2.5702,2.5704
7/14/2025,2.1340,2.5702,2.5704
7/15/2025,2.1051,2.5407,2.5436
7/16/2025,2.1250,2.5416,2.5417
7/17/2025,2.1097,2.5787,2.5872
7/18/2025,2.1383,2.6578,2.6682
7/19/2025,2.1456,2.6761,2.6897
7/21/2025,2.1456,2.6761,2.6897
7/22/2025,2.1491,2.7412,2.7580
7/23/2025,2.1350,2.7122,2.7325
7/24/2025,2.1768,2.7318,2.7477
7/25/2025,2.1794,2.7189,2.7375
7/26/2025,2.1945,2.7125,2.7343
7/28/2025,2.1945,2.7179,2.7377
7/29/2025,2.2539,2.7585,2.7650